{
  "cacheBootResources": true,
  "config": [ ],
  "debugBuild": false,
  "entryAssembly": "SOS.FMS.Client",
  "icuDataMode": 0,
  "linkerEnabled": true,
  "resources": {
    "assembly": {
      "Append.Blazor.Notifications.dll": "sha256-PDOX6UfCuswDJFYgEXme2+qxS5MPnJprWM5BBjB\/\/bs=",
      "Microsoft.AspNetCore.Authorization.dll": "sha256-9\/vAZFmTyWEu6Q+NseKYffenRyQo26ttnbBIQEjUPhI=",
      "Microsoft.AspNetCore.Components.dll": "sha256-FrMXlSy\/oli5ulL89SJAjxN6Dhyp7H0l5+4Y+5SdjJI=",
      "Microsoft.AspNetCore.Components.Authorization.dll": "sha256-GBsApSx63HOEHCzS9ygKos\/\/C0FFL6o0fQVd44uOGvg=",
      "Microsoft.AspNetCore.Components.Forms.dll": "sha256-q1AEU6whIt5RUr2NDeg1hlVzeDV3skSLt5oVs+y6XNY=",
      "Microsoft.AspNetCore.Components.Web.dll": "sha256-H9SNCM4EfDaHwDvfcYYS6jea4AVYvVIy1oqH354Nl24=",
      "Microsoft.AspNetCore.Components.WebAssembly.dll": "sha256-OcNxr27VRep6vZE4sNsp56o8rE7VL4cQ8PWRQVaqDxE=",
      "Microsoft.AspNetCore.Http.dll": "sha256-O2RWxC2P4meCjuJFgAAsyat\/OyczttrxK\/5m561m9gk=",
      "Microsoft.AspNetCore.Http.Abstractions.dll": "sha256-nah4vKxFC3MlXBOFJBnHFPgV4e\/NdgxW7iYKPTxHuDM=",
      "Microsoft.AspNetCore.Http.Features.dll": "sha256-+BnmchT3cKhIWi+FM1xLhXSHNtNDxUX1EK6+or8\/Hz0=",
      "Microsoft.AspNetCore.Metadata.dll": "sha256-G2KHV8dIcaFQ7EZ9nZoe7qS2de3RMXbC9X3UPpEx0W4=",
      "Microsoft.AspNetCore.Mvc.Razor.Extensions.dll": "sha256-8VWkwU+UkjvsSs\/k3vMk+C5\/M+IiRCq5bL3KaqGuG\/c=",
      "Microsoft.AspNetCore.Razor.Language.dll": "sha256-FEpfx0WFDm+6f\/BXBwnj9gBj0cdS5aqFEfPD+7orY0k=",
      "Microsoft.CodeAnalysis.dll": "sha256-8K1LcroGTB1YiRW94VMJz0p0bmvAFMF9xl531Mgkryg=",
      "Microsoft.CodeAnalysis.CSharp.dll": "sha256-Xcpe8flypvfdzWWTSXV6MKDPEcjJnoblPeyTF5eI7ZE=",
      "Microsoft.CodeAnalysis.Razor.dll": "sha256-y65yp7VXbsxt9ARzIkYzyFYzpORjBZUtkjGxEJubuMQ=",
      "Microsoft.DotNet.PlatformAbstractions.dll": "sha256-+yjiNIjLmmeSYCAQijQv1KDfnhWehhmU0aEhBE+qSLs=",
      "Microsoft.Extensions.Configuration.dll": "sha256-bZZ69\/58+BnN9G33FpTd2iXAdfgLbBnDUiiKxfaZ7IU=",
      "Microsoft.Extensions.Configuration.Abstractions.dll": "sha256-7mxFRRlriJzO95ZBz4cmDSFADogdaoDy8MxzQoNtwaU=",
      "Microsoft.Extensions.Configuration.Json.dll": "sha256-cwzKuqTaJjYc5QXknt6NaBt\/MWSt9DYHfmu0I\/CV2mc=",
      "Microsoft.Extensions.DependencyInjection.dll": "sha256-CFnJTZ0M9TQJUEQDmVBB+CjEABGYtsuCOJW3AuWbuKk=",
      "Microsoft.Extensions.DependencyInjection.Abstractions.dll": "sha256-PlX7ZMc\/IY9tXZXtE0CBcYmC+8+7re5d0Ra5+K4TP+g=",
      "Microsoft.Extensions.Logging.dll": "sha256-TpIA498zSsaZAjS+42XzHSmeWdSuY4\/\/ydfZQGlz1O8=",
      "Microsoft.Extensions.Logging.Abstractions.dll": "sha256-7okV39xrj7TGmIeXj7KtDwEvPHTm3R8iXaRrcypK7HI=",
      "Microsoft.Extensions.Options.dll": "sha256-c40jGzk6WhcRh7Ay6HH4B25Apva3p6O++FKNWsG91OY=",
      "Microsoft.Extensions.Primitives.dll": "sha256-YKi2MKcDpMaD5f\/8r3l7WKTLEy+NpGhOQAmjFGD9S1Q=",
      "Microsoft.JSInterop.dll": "sha256-x5KPI13GY8xiKfz4wpevRhady1lEkshdX5H2g+dmPZs=",
      "Microsoft.JSInterop.WebAssembly.dll": "sha256-HPiYjzuItf0u8j\/1JyLX28frakdbKfRPChJZA1FEJjE=",
      "Microsoft.Net.Http.Headers.dll": "sha256-Wvp5b2xB1gZg9yya2UqQycv2STns92xStLKpmRv5Aww=",
      "Newtonsoft.Json.dll": "sha256-\/UPQ2m6gWgttLAyAcFiqnzMuerFLTT3cK2LFfuw+a5g=",
      "Newtonsoft.Json.Bson.dll": "sha256-2diKZNvW0I74j2u1GktWHyeG4cyZZ38Z635XpaDjn8s=",
      "Syncfusion.Blazor.dll": "sha256-KH6W9MJaGHS1WwhQetE48lEeCmO6tzCE+P+d1Q+Izxg=",
      "Syncfusion.ExcelExport.Net.dll": "sha256-JmcZoEezB6DyVCIlDSNK81UhWPZ2AuMLCl5hRHwAt1g=",
      "Syncfusion.Licensing.dll": "sha256-2y2l2jnGwqLGrTSKjptvnR\/w8zGflMbzz8JFQhJ\/APQ=",
      "Syncfusion.PdfExport.Net.dll": "sha256-H81V4iNMqRInUZm9huxmKBdFLCg3ID8ZB7W5\/E1DRTc=",
      "System.IO.Pipelines.dll": "sha256-o\/PdJLBGKSgIYSBLq6l+GUStgsQ7K0l+eLIHhkVU1o0=",
      "System.Security.Cryptography.Pkcs.dll": "sha256-dMpwy\/MDB22xsAwFLAhm7Nhh7sLM6boUxY6mPmCQ098=",
      "System.Security.Cryptography.Xml.dll": "sha256-stfEepmGxj77NWkuqclm0Cvk5x5g0MpNVCLXt5yUbDo=",
      "System.Security.Permissions.dll": "sha256-TbmvkKV1XqKAjZVVi1OCUdUE2xJPyyWuJ5JMw5eAB1s=",
      "SOS.FMS.Shared.dll": "sha256-FxpF8Y\/Kn7dRcp5SSpSVs\/ah\/btpneB6iaw+pvlyj8I=",
      "SOS.FMS.Client.dll": "sha256-5RJ\/\/ourzHBjBNF4AoNbg8W8VbDYXooLDOsbAoh9xrI=",
      "Microsoft.CSharp.dll": "sha256-ASdTi+0jr+xnAgk1GwP9S\/wy7FbdAHKQvBA9oiA9DZ0=",
      "System.Collections.Concurrent.dll": "sha256-TUBQCE9koph\/BKGTkQSrId39m+e+absngU8NmYF+O\/E=",
      "System.Collections.Immutable.dll": "sha256-098Hs5hqULwbfoR\/YmV6MQTxKEI5Y7z8wVJFt8DCz7I=",
      "System.Collections.NonGeneric.dll": "sha256-wSqqXJWJlYVzR8g3I5Hz\/lQ52nkHBGPwfufDUZCvBI4=",
      "System.Collections.Specialized.dll": "sha256-kwcA1fegqiFpRMFnXr8qsfnK6yJSZ6gTuxM28YMPVIk=",
      "System.Collections.dll": "sha256-+Y0eM3ZAQj1Nmu\/MGNa8M45CDQggCR\/KDH98546pyLc=",
      "System.ComponentModel.Annotations.dll": "sha256-nToin65y1G\/iMg\/cZmMT2J8FZpoAtcMqmBS2R46B9gw=",
      "System.ComponentModel.Primitives.dll": "sha256-IN2YjgpKGQ9RHk7LU5We53tmlIody2YFBdX+pvLx\/VE=",
      "System.ComponentModel.TypeConverter.dll": "sha256-hcFy0gbMC06PUPh4AjLjIUNbxCdVILkc4HQRUv2XS2w=",
      "System.ComponentModel.dll": "sha256-4DV2yxXpwXlDNwg9QwgR3TNS7DKaMy4G69BfpJ0YMSE=",
      "System.Console.dll": "sha256-KxI4UhENMSRxBpA3+\/nEfwvyOe+DypCcwNeHMANuvyg=",
      "System.Data.Common.dll": "sha256-QtYjDkpcBwL9d1obDkOAGyzwYhRb2fU9EcMegiPLgQ8=",
      "System.Diagnostics.TraceSource.dll": "sha256-l4o2cLVmW3FLq3c8ZXErd1D6NagHz+VB9Z5ZHshs2V8=",
      "System.Drawing.Primitives.dll": "sha256-KLBIDveEB24MLt3abo5YeNIRJxvIiLlZ8ThAOHF4TkI=",
      "System.IO.Compression.dll": "sha256-zGeA0GyrCfCuZaI7DtF1UU7aDDxAIk3lXly7cTDyS4A=",
      "System.IO.FileSystem.dll": "sha256-c+yXF8Xkmjswl5nl\/ikUpN0RiQuhqvdhJIh\/FZtFzpY=",
      "System.IO.MemoryMappedFiles.dll": "sha256-Ofm3l4F2+Zzx2Q7ZbCPWPZ7wNa+APdKO4Vte4kaOsAc=",
      "System.Linq.Expressions.dll": "sha256-ltHTXLgOuyHyqrZ6Jhppq+K\/Sut0LPLmEM4pMtRTmXk=",
      "System.Linq.Parallel.dll": "sha256-xHR\/6NazI\/NFMETZ0EM+tG1yPrFvdBWfkpcBF9YP3cE=",
      "System.Linq.Queryable.dll": "sha256-GaA1f72jLQ+C0mmxKu8k\/rUp4bAa7jjNTSvNQScZB4k=",
      "System.Linq.dll": "sha256-FoqgDqqkvq9rhZJ2jWznTq1tTZ58rhoV3GhDjU2uXnk=",
      "System.Memory.dll": "sha256-FmHzn6xifOJezSh4fN75tFXAtjzTwbzLvEnz9rNUsV4=",
      "System.Net.Http.Json.dll": "sha256-bfYuu8uGIoHqOwk2NHM7S9JbLbe74Vuk3jFfuS351L8=",
      "System.Net.Http.dll": "sha256-bOFGHam0H\/sON79pmOccSRdi2ElZZg3Xg2FhQSLjKTM=",
      "System.Net.Primitives.dll": "sha256-m7DW1pAK5jKoZV4c7ihlonwi3zwLlrfFeCN6tDdvmYY=",
      "System.Net.Requests.dll": "sha256-bjKhYW15cvN6sLf+C973vUsli9nffCTIn8u\/5CNrTyE=",
      "System.Net.WebClient.dll": "sha256-9azwktsNEMD+XHckhBScw0nZx3rVBHvIIAXq2Ik5gg0=",
      "System.Net.WebSockets.dll": "sha256-BInLpSbjXSpHh27V5rHYBobiDzG\/wV\/zPAOridVWn0U=",
      "System.ObjectModel.dll": "sha256-XmNqV1WTKYFXNUnLafgxUnmNJvpaSLCTRMn1+8XOL4A=",
      "System.Private.DataContractSerialization.dll": "sha256-ydKEo7+K\/Isbc5S+ZSlqGRZnR7EZW85US\/+Kw23KXeU=",
      "System.Private.Runtime.InteropServices.JavaScript.dll": "sha256-tN0MPRmH\/gmYr5U6db71Gq0knPgXikhorin0gQwl3CM=",
      "System.Private.Uri.dll": "sha256-n\/eihgImJuAv5Mo8Pfg+4dJh31UHDSKP2AiU+yADYIM=",
      "System.Private.Xml.Linq.dll": "sha256-dPd\/\/HrAn\/iQCIuv3NLU9daYOmFMcKYqBtjDZ5AhF04=",
      "System.Private.Xml.dll": "sha256-+WHBibio51dm8hfLhJhbxuL19Yah0Ek\/4TBy+iFmCZM=",
      "System.Reflection.Metadata.dll": "sha256-rjvWmbpNkr\/BOurImSjjP6E\/ARH1cSEMRu+hreIIXtQ=",
      "System.Runtime.CompilerServices.Unsafe.dll": "sha256-cP5mq0O3eSeFhFsexM3wWJvqepp\/xLgcS9wJxv3RtU0=",
      "System.Runtime.InteropServices.RuntimeInformation.dll": "sha256-gMaU5bdsXslAbfZmVbrB9+bK6VBkUl\/8eh5FbwsHK8Y=",
      "System.Runtime.Numerics.dll": "sha256-TkXllzbwp3JkLKhtvengtfDmuKFvGVBodXx+HIC+mYY=",
      "System.Runtime.Serialization.Formatters.dll": "sha256-4608K0CMEMGVh7JW977Nu0hja3FIDYEAH7SjFu4lZkc=",
      "System.Runtime.Serialization.Primitives.dll": "sha256-kBhkVqwZYeEv\/Gp6XJvVnQiFCyAjDEf0oO+3N2B9BcA=",
      "System.Security.AccessControl.dll": "sha256-lXjO+dbEpMI4S3aTBa+eHHame1YCYM4w7cc+2zNlvy0=",
      "System.Security.Claims.dll": "sha256-aF2VnnaKem9gM4Idt\/Emw4FJGOqPaPUymIhYuKvIrfA=",
      "System.Security.Cryptography.Algorithms.dll": "sha256-QrCha2eX8WzIuwxdOTY3lUqezVN+QpCOHdLjmrf\/lKs=",
      "System.Security.Cryptography.Csp.dll": "sha256-T8iNZfEBTOc93yr5cguUa3TE3KU8UoRBoo1d8e8HOqk=",
      "System.Security.Cryptography.Encoding.dll": "sha256-J3yIbujDgBWs1HqunBRl2uGrloN69Un1Jyq7L\/rUX40=",
      "System.Security.Cryptography.Primitives.dll": "sha256-Xzy8PI7mpLekUfQrnZNOJnrcVbjDvVDOxzfg5qVOQXU=",
      "System.Security.Cryptography.X509Certificates.dll": "sha256-Vig3c051RKkPuG4ilZQfocW20wahm6\/sc1syM0ItCoo=",
      "System.Security.Principal.Windows.dll": "sha256-eKzvySsx9eY4L05PBcqOjv2Aw+VFnQUxdCDo2eQKDbM=",
      "System.Text.Encoding.CodePages.dll": "sha256-AqAStWzw4kIa4rXF9W2bHhSNn0tDTtCBSnhGaJ1LajM=",
      "System.Text.Encodings.Web.dll": "sha256-WZ+V7kzxwEPJc6pht7LXBOU8n+ymfRUGYpdleYj5oh4=",
      "System.Text.Json.dll": "sha256-0Z\/8ioKYDj38PNMwoxYtptG1kFk+4OIWS\/Hf2zFO3hk=",
      "System.Text.RegularExpressions.dll": "sha256-BDR5brokDMLqpKtiA\/SW5vl9w5l+\/z4uylcpCLOMPKI=",
      "System.Threading.Tasks.Parallel.dll": "sha256-LXdoxvUyBblQ5bUHy3ebs5EXBvf5P5lfI+qNs0Xz3lM=",
      "System.Threading.dll": "sha256-y6Nzx+XrUmVhMo\/GWbjSlPGuEBRMTpC9nrJjMF3KMac=",
      "System.Private.CoreLib.dll": "sha256-JA1PjjmjfigszoBWmIMQ13LJy97dZAqOHu+w5xWV2BI="
    },
    "lazyAssembly": null,
    "pdb": null,
    "runtime": {
      "dotnet.timezones.blat": "sha256-rFG55cwkAnfHzxmxwBL2tTwfj8X8cjcSEAlco4bc1eo=",
      "dotnet.wasm": "sha256-+NqBIg7FTMeA2q0mxzbehfuE2WPrnq53yqLsu47afbY=",
      "icudt.dat": "sha256-m7NyeXyxM+CL04jr9ui1Z6pVfMWwhHusuz5qNZWpAwA=",
      "icudt_CJK.dat": "sha256-91bygK5voY9lG5wxP0\/uj7uH5xljF9u7iWnSldT1Z\/g=",
      "icudt_EFIGS.dat": "sha256-DPfeOLph83b2rdx40cKxIBcfVZ8abTWAFq+RBQMxGw0=",
      "icudt_no_CJK.dat": "sha256-oM7Z6aN9jHmCYqDMCBwFgFAYAGgsH1jLC\/Z6DYeVmmk=",
      "dotnet.5.0.3.js": "sha256-sf1arnHfzSTa9MZNpdWBkQTecBMQBQRynOZ8+\/iLMUg="
    },
    "satelliteResources": null
  }
}