{
  "cacheBootResources": true,
  "config": [ ],
  "debugBuild": false,
  "entryAssembly": "SOS.FMS.Client",
  "icuDataMode": 0,
  "linkerEnabled": true,
  "resources": {
    "assembly": {
      "Append.Blazor.Notifications.dll": "sha256-PDOX6UfCuswDJFYgEXme2+qxS5MPnJprWM5BBjB\/\/bs=",
      "Microsoft.AspNetCore.Authorization.dll": "sha256-p0GTPUWbFCzcp6Efcc3URl9oCsn4BzT61D2LZ6xaQ0I=",
      "Microsoft.AspNetCore.Components.dll": "sha256-FrMXlSy\/oli5ulL89SJAjxN6Dhyp7H0l5+4Y+5SdjJI=",
      "Microsoft.AspNetCore.Components.Authorization.dll": "sha256-GBsApSx63HOEHCzS9ygKos\/\/C0FFL6o0fQVd44uOGvg=",
      "Microsoft.AspNetCore.Components.Forms.dll": "sha256-q1AEU6whIt5RUr2NDeg1hlVzeDV3skSLt5oVs+y6XNY=",
      "Microsoft.AspNetCore.Components.Web.dll": "sha256-H9SNCM4EfDaHwDvfcYYS6jea4AVYvVIy1oqH354Nl24=",
      "Microsoft.AspNetCore.Components.WebAssembly.dll": "sha256-wEpoxQlv8gfk06XCVkYCRtaMnk9KH3C\/w4RGn\/2rHT8=",
      "Microsoft.AspNetCore.Connections.Abstractions.dll": "sha256-zFjwgpUt6SBMZC4R6fGc4vDe4FCEkidYqItuG9I7p3A=",
      "Microsoft.AspNetCore.Http.dll": "sha256-C47L7syE2yiUXLFTB9783GCy1o+3Db38lXsTck7Epnw=",
      "Microsoft.AspNetCore.Http.Abstractions.dll": "sha256-7L6r2\/Kfr9INuZnvCO19kiH\/hx2q1xKmDLFibOO79oc=",
      "Microsoft.AspNetCore.Http.Connections.Client.dll": "sha256-QYF2aut8J6AHSXYfjh9dEsH5PAM6n4VNfkBo+d3VwOQ=",
      "Microsoft.AspNetCore.Http.Connections.Common.dll": "sha256-h4qHus+wZ1tIaCsi4VdqRF9D9\/gTrBGcnSQ2hFAXZuo=",
      "Microsoft.AspNetCore.Http.Features.dll": "sha256-uXzBuk\/MkFP+h2Odk84CG8auXjaaUYxe5Wq50hohen0=",
      "Microsoft.AspNetCore.Metadata.dll": "sha256-G2KHV8dIcaFQ7EZ9nZoe7qS2de3RMXbC9X3UPpEx0W4=",
      "Microsoft.AspNetCore.Mvc.Razor.Extensions.dll": "sha256-8VWkwU+UkjvsSs\/k3vMk+C5\/M+IiRCq5bL3KaqGuG\/c=",
      "Microsoft.AspNetCore.Razor.Language.dll": "sha256-FEpfx0WFDm+6f\/BXBwnj9gBj0cdS5aqFEfPD+7orY0k=",
      "Microsoft.AspNetCore.SignalR.Client.dll": "sha256-GqViin2ZjvBxOWN6ax7qC793sqXIh0DyLOlhkqoR0BM=",
      "Microsoft.AspNetCore.SignalR.Client.Core.dll": "sha256-a0Paqw+Y10lePAKfCDz0XC2FGhaac\/Z9IpPxLRdJuoQ=",
      "Microsoft.AspNetCore.SignalR.Common.dll": "sha256-h3O6KTCdCiTQ3mBfxm0HJmyNjWRVWROPEfswET\/jcdw=",
      "Microsoft.AspNetCore.SignalR.Protocols.Json.dll": "sha256-kyB8\/UfPO9sJVqiz4SpjS1G0R7oFy5M7KDGx8cIrDUs=",
      "Microsoft.CodeAnalysis.dll": "sha256-8K1LcroGTB1YiRW94VMJz0p0bmvAFMF9xl531Mgkryg=",
      "Microsoft.CodeAnalysis.CSharp.dll": "sha256-Xcpe8flypvfdzWWTSXV6MKDPEcjJnoblPeyTF5eI7ZE=",
      "Microsoft.CodeAnalysis.Razor.dll": "sha256-y65yp7VXbsxt9ARzIkYzyFYzpORjBZUtkjGxEJubuMQ=",
      "Microsoft.DotNet.PlatformAbstractions.dll": "sha256-+yjiNIjLmmeSYCAQijQv1KDfnhWehhmU0aEhBE+qSLs=",
      "Microsoft.Extensions.Configuration.dll": "sha256-bZZ69\/58+BnN9G33FpTd2iXAdfgLbBnDUiiKxfaZ7IU=",
      "Microsoft.Extensions.Configuration.Abstractions.dll": "sha256-7mxFRRlriJzO95ZBz4cmDSFADogdaoDy8MxzQoNtwaU=",
      "Microsoft.Extensions.Configuration.Json.dll": "sha256-cwzKuqTaJjYc5QXknt6NaBt\/MWSt9DYHfmu0I\/CV2mc=",
      "Microsoft.Extensions.DependencyInjection.dll": "sha256-\/KAWLMNh2FgM7hE8nAUqbuT3rvglN2oo67Fj+hva\/sk=",
      "Microsoft.Extensions.DependencyInjection.Abstractions.dll": "sha256-NbGcU5L9ZPQajeOM\/my\/FD4uw5qu2duSwnkxJsjq2ZY=",
      "Microsoft.Extensions.Logging.dll": "sha256-WMtfMtTYQzeXuUKuGgMyy6TGREF19tL4hu2svJPnfIA=",
      "Microsoft.Extensions.Logging.Abstractions.dll": "sha256-7V6nunV+pFtkA8zQTKdeZSSMkB4DHEgu1IdpcFE1V7Y=",
      "Microsoft.Extensions.Options.dll": "sha256-2BSVtMWa0C0V0E6k5pzvmmHhH9nJTD2e+5bo2zuUH3E=",
      "Microsoft.Extensions.Primitives.dll": "sha256-YKi2MKcDpMaD5f\/8r3l7WKTLEy+NpGhOQAmjFGD9S1Q=",
      "Microsoft.JSInterop.dll": "sha256-+xC7e4A5BvioIUV9+hcH9X5cc6C6o80+6xUQQGy7EC0=",
      "Microsoft.JSInterop.WebAssembly.dll": "sha256-HPiYjzuItf0u8j\/1JyLX28frakdbKfRPChJZA1FEJjE=",
      "Microsoft.Net.Http.Headers.dll": "sha256-Wvp5b2xB1gZg9yya2UqQycv2STns92xStLKpmRv5Aww=",
      "Microsoft.Win32.SystemEvents.dll": "sha256-PCVJnIWRGCqFSrkf9LchMUS7nWPBZMSOltExySXMFuo=",
      "Newtonsoft.Json.dll": "sha256-\/UPQ2m6gWgttLAyAcFiqnzMuerFLTT3cK2LFfuw+a5g=",
      "Newtonsoft.Json.Bson.dll": "sha256-2diKZNvW0I74j2u1GktWHyeG4cyZZ38Z635XpaDjn8s=",
      "Syncfusion.Blazor.dll": "sha256-KH6W9MJaGHS1WwhQetE48lEeCmO6tzCE+P+d1Q+Izxg=",
      "Syncfusion.ExcelExport.Net.dll": "sha256-JmcZoEezB6DyVCIlDSNK81UhWPZ2AuMLCl5hRHwAt1g=",
      "Syncfusion.Licensing.dll": "sha256-2y2l2jnGwqLGrTSKjptvnR\/w8zGflMbzz8JFQhJ\/APQ=",
      "Syncfusion.PdfExport.Net.dll": "sha256-H81V4iNMqRInUZm9huxmKBdFLCg3ID8ZB7W5\/E1DRTc=",
      "System.Configuration.ConfigurationManager.dll": "sha256-eundUnX1XP90vk+hn4\/W4q1Lu7bq9NCDlGMuIBRX1pQ=",
      "System.Drawing.Common.dll": "sha256-sRq4bSSbTZP0qGdroLdQraqDFrzGqoF3sGuAt1oYIhA=",
      "System.IO.Pipelines.dll": "sha256-o\/PdJLBGKSgIYSBLq6l+GUStgsQ7K0l+eLIHhkVU1o0=",
      "System.Security.Cryptography.Pkcs.dll": "sha256-dMpwy\/MDB22xsAwFLAhm7Nhh7sLM6boUxY6mPmCQ098=",
      "System.Security.Cryptography.ProtectedData.dll": "sha256-YZpcx9niatONyQZCpBg1wU8yfNm9pQMlB3WoTyVZGlw=",
      "System.Security.Cryptography.Xml.dll": "sha256-FcxA3u2dNB9IbpD9LNKVD1Of4oJ\/BQ3mbc0ub2F+pDg=",
      "System.Security.Permissions.dll": "sha256-vrASGVckJmazzJlvwxd7ELQ4B2m4zcN8tyN\/0chCZBE=",
      "System.Windows.Extensions.dll": "sha256-RRXmoygOkBIWKnt5XucbUb6bScXeek9E6RXfovPRCk8=",
      "Blazored.Video.dll": "sha256-+7unIcuqwasndlzP60IfPNP87lqRADGOQa2QNz\/XtIo=",
      "SOS.FMS.Shared.dll": "sha256-p\/QtOcPFqb2jl4EEy8d18Y0CDZXBsesiYjIESDmd8I0=",
      "SOS.FMS.Client.dll": "sha256-peNSAqjmfuc+lRNWuWmyyvE5vZHk+YkeqJ7fADnowBI=",
      "Microsoft.CSharp.dll": "sha256-wymi63ECJlHOsYHmRYq3GpVoVozWV\/oy8jjM891Eltc=",
      "Microsoft.Win32.Primitives.dll": "sha256-hVSq17j1E3yuYcmRPlZhluk5UM+y5Gm+YVrzwYCjkJQ=",
      "System.Collections.Concurrent.dll": "sha256-0QZFUhITEuQU5hltZD8xqGUmfBnTctlcAOZLLxrb3Ok=",
      "System.Collections.Immutable.dll": "sha256-7ZBODaSma8V4hVGDVCm5nQEfhgx7Zzg5BryJUudCPYI=",
      "System.Collections.NonGeneric.dll": "sha256-jB53F69ZGh17H5SB8wuOBQv7qa9oYfLP4SnkYxW2Kto=",
      "System.Collections.Specialized.dll": "sha256-Eqey8hpdvrb1+zgH0RDNyT0fb\/J1311S4WlEs5AnltI=",
      "System.Collections.dll": "sha256-iRBeVc5XIxuAfdROAtwZQ3Xqx6oT7NXxGFzJWC0J1t8=",
      "System.ComponentModel.Annotations.dll": "sha256-DOYOPOgJzF2O+ON8F\/uDgM+H3W1Du+R54Klt61sko2o=",
      "System.ComponentModel.EventBasedAsync.dll": "sha256-mPACfO1ZisDc2GgS0SjWwcjsm+mNUpPgpeC2EqxqkIw=",
      "System.ComponentModel.Primitives.dll": "sha256-xoOXWGUzuUXL\/18EmBVD4uG0sFRifJmHsohlvb\/mboY=",
      "System.ComponentModel.TypeConverter.dll": "sha256-OU2EtC27VQnRwklw\/\/pp2RLNQ0zNtseTBDS+\/zoECfA=",
      "System.ComponentModel.dll": "sha256-PPIpAucVIQN30uya+Lc\/KzEXLgEyrV38LevktDjpyxo=",
      "System.Console.dll": "sha256-3QDvR35Y2qdZBmia2VABAOYN4F+9EgowWheFEjdUiVY=",
      "System.Data.Common.dll": "sha256-TOwm9N31GGLSeKE9OTwE+pi8Eony+EsT4YhbeNXW9c8=",
      "System.Diagnostics.Process.dll": "sha256-yIC6sYr\/NBcgoi64BKKdlzWcJxjq+hYK+Bo5yL53YyE=",
      "System.Diagnostics.TraceSource.dll": "sha256-imdAo7kD2jrEp7F\/O51X62HFl+vkotTEOk3+8ESclyc=",
      "System.Drawing.Primitives.dll": "sha256-Bs0y2JHqQCsEZF2EKB+xNWRSKpELxouYxUj1+hH5AlA=",
      "System.IO.Compression.dll": "sha256-qGM86U3YQ3Axg43MvFVnj7NVQdvLeSBnF\/YvAu5naNk=",
      "System.IO.FileSystem.dll": "sha256-Ni9+4gUaLYAR+bkiENlEX4s1bkCkXZFk3e2DnqBg3iM=",
      "System.IO.MemoryMappedFiles.dll": "sha256-XoUxt2qyrPdoUiMV9nX3s6y2qwGVfUVPgq+8hv+su8U=",
      "System.Linq.Expressions.dll": "sha256-TXwo5sFZZszPSkfImO6fZ9VCOsJ0fiU6VXPYY\/XJ7RY=",
      "System.Linq.Parallel.dll": "sha256-4GdnNH3WRfsmDpu70F\/2I6dUtCs\/erUi1NwHprtYM7o=",
      "System.Linq.Queryable.dll": "sha256-Ioe1OKhUHuY\/DfwA7ZPR1AbGxnBeEOGrehQvsnBXAG4=",
      "System.Linq.dll": "sha256-nou+HjLzBQLK+4enGee9dXLPLPyIcztVbjanDwrkhUQ=",
      "System.Memory.dll": "sha256-ckPiHOKUYqoEPs9nasDQ+vfvqFWT2vYE7qAWMPjkr\/M=",
      "System.Net.Http.Json.dll": "sha256-6dZkZleRpRskB7wpGnjCJIHxOFZaI3ggDm4YTJBBjlE=",
      "System.Net.Http.dll": "sha256-kAVWql3hmjp1vgaeT0pjU7hIpo2cztoHCREyIrESn\/w=",
      "System.Net.Primitives.dll": "sha256-AOHfj2UL3OfVgzZjnnxo4h+RJy7XJswSZxT9cPq7PAY=",
      "System.Net.Requests.dll": "sha256-3hFmq88qszaJik388UN9oF2QM0voPZGskEETI7nTCiA=",
      "System.Net.Security.dll": "sha256-fp9PKushBZE0j4uhyJChFeMQDcHcYdUcdVK6xNND9IM=",
      "System.Net.WebClient.dll": "sha256-uhECFzNTNkZEkC7Ft2lhPkCKRlfj+6HVvCMiuanrXYg=",
      "System.Net.WebSockets.Client.dll": "sha256-RSuCoWGgVM8\/D0thzqsyAs24ANhmZ8VaZRbuP9Cp9SQ=",
      "System.Net.WebSockets.dll": "sha256-t+soYbdMAStbieYO0UbgQWvXHrIS76frVpwQE5e4gco=",
      "System.ObjectModel.dll": "sha256-\/dnmBUUYlWvPAd96cvMKZARSgmxk8taSwB5d8t0pAQI=",
      "System.Private.DataContractSerialization.dll": "sha256-HuFpMq+goa0qPQslr9iA5DNPJhjAa4MulW+1c5Ci\/SE=",
      "System.Private.Runtime.InteropServices.JavaScript.dll": "sha256-2yEcpNZy9gQPVX9z5F8NjR7iK2EmRbM+8SkEV1YoRrk=",
      "System.Private.Uri.dll": "sha256-G2iZBwEICnpcmLds4DXmhhUYNSJWQ3I\/0Fdj+ERdHc4=",
      "System.Private.Xml.Linq.dll": "sha256-vL+C2mgL2ODWE90hrem0iuTFEOgVvdR93pqH\/aC0YjM=",
      "System.Private.Xml.dll": "sha256-Ixva+d1\/tlEk88uBlX2Tfq8RzcRYKWUob\/cOmI\/VDGY=",
      "System.Reflection.Metadata.dll": "sha256-Y0geyQjNhcz\/\/WoMw1lEsAljlGxzgEXKVltEWyEOQ1I=",
      "System.Runtime.CompilerServices.Unsafe.dll": "sha256-BJjVOUNy2jtzm2hSy8YeVcSWAg2AWkof1dXqk4uLJ+A=",
      "System.Runtime.InteropServices.RuntimeInformation.dll": "sha256-UKL5CCsJfKUyFHnrqeqjz7Wx2CntM6smZVSfwJTrwaY=",
      "System.Runtime.Numerics.dll": "sha256-ilzbscCv5KreiN6zSaSOTnmutjpXv+opNT6rIqNFHsg=",
      "System.Runtime.Serialization.Formatters.dll": "sha256-i\/\/Nwo77DioF\/Nw\/9vddza6WRo1BCtfvEL5yXvb24wo=",
      "System.Runtime.Serialization.Primitives.dll": "sha256-NZTPJBo3ePdnCOy2Ppa1cUljSS63OOOnnlw6\/iMIVRY=",
      "System.Security.AccessControl.dll": "sha256-ks5gKubCrfOJwYLVjhqqHbAvf7MTtrOsA9g8zW7D+l4=",
      "System.Security.Claims.dll": "sha256-nT+gRLRxuye4Gwzz7FeInBd+CuRinUJF7F2Chrl2Jnw=",
      "System.Security.Cryptography.Algorithms.dll": "sha256-6UKSmMhrcLReexsqXCaAS3BXURgBvfxadGeg5DvfeDk=",
      "System.Security.Cryptography.Csp.dll": "sha256-IlbMxzOCjdIUUnGojXdWD5gKBeqYA7lRGLbc86TNQIY=",
      "System.Security.Cryptography.Encoding.dll": "sha256-ki6Eki2ZSxzBb4q\/bb9KNGBhzx5lz7qS\/LubHWjqZeA=",
      "System.Security.Cryptography.Primitives.dll": "sha256-SvCtd0AiOHBbZoTudxvZh+HSTVUgrpr0scEmHhdXFVs=",
      "System.Security.Cryptography.X509Certificates.dll": "sha256-dwc8M+hDHAznFA8YBvECwWQ7btWVYwapbYn6C7ssmls=",
      "System.Security.Principal.Windows.dll": "sha256-xHKU8BGOTfzVROvxczeEq3C+UZtlr\/gqCGOY4\/6fB\/w=",
      "System.Text.Encoding.CodePages.dll": "sha256-BsukI\/O8Z9nWublkowVJ9Djd1TgdeWhiBengCapVC8g=",
      "System.Text.Encodings.Web.dll": "sha256-gKIJyygYo\/FG+WZL2ZuorAQYs8SelWg8l6wY950Saxs=",
      "System.Text.Json.dll": "sha256-YlSbQ9hgGsmkaEoc3PY0oTdWhdyRriFwPNfPHh+m464=",
      "System.Text.RegularExpressions.dll": "sha256-Zz7LO0n+jdpDSLqrKVWQhwrjjkuJondVTY3wLD39mgs=",
      "System.Threading.Channels.dll": "sha256-iQPGzFsvRdko6xXHqIUPuxjt5PzsHOx+4uu9aAy4xLM=",
      "System.Threading.Tasks.Parallel.dll": "sha256-Povb+4aoHuMBRBIBgZBS71DjTO3jRpaypRUNMc2Jbmo=",
      "System.Threading.dll": "sha256-TcobMVBwoBfqo2l5ddnXd8qVg3vGFq5ozITusCQHOMU=",
      "System.Private.CoreLib.dll": "sha256-p2FF4aHhg9\/k8acsWepYBKiSGfQs\/vhVtnQwKXCb1gI="
    },
    "lazyAssembly": null,
    "pdb": null,
    "runtime": {
      "dotnet.timezones.blat": "sha256-ibxaSjW7s3aLVssChknhzCpgMTHGu4D48Q9OLP3dfe8=",
      "dotnet.wasm": "sha256-+NqBIg7FTMeA2q0mxzbehfuE2WPrnq53yqLsu47afbY=",
      "icudt.dat": "sha256-m7NyeXyxM+CL04jr9ui1Z6pVfMWwhHusuz5qNZWpAwA=",
      "icudt_CJK.dat": "sha256-91bygK5voY9lG5wxP0\/uj7uH5xljF9u7iWnSldT1Z\/g=",
      "icudt_EFIGS.dat": "sha256-DPfeOLph83b2rdx40cKxIBcfVZ8abTWAFq+RBQMxGw0=",
      "icudt_no_CJK.dat": "sha256-oM7Z6aN9jHmCYqDMCBwFgFAYAGgsH1jLC\/Z6DYeVmmk=",
      "dotnet.5.0.4.js": "sha256-VR9AaflChiwC+KUJnKHaZAMWHeF8tQ1Giwr7XsIRIfw="
    },
    "satelliteResources": null
  }
}